dataset,n,d,labels,k,noise,g
wut/cross,2000,2,labels0,4,0,0.0
wut/smile,1000,2,labels0,6,0,0.4
wut/smile,1000,2,labels1,4,0,0.4
wut/twosplashes,400,2,labels0,2,0,0.0
wut/x1,120,2,labels0,3,0,0.16666666666666666
wut/x2,120,2,labels0,3,0,0.16666666666666666
wut/x3,185,2,labels0,4,0,0.20720720720720723
wut/z1,192,2,labels0,3,0,0.0
wut/z2,900,2,labels0,5,0,0.5833333333333334
wut/z3,1000,2,labels0,4,0,0.3333333333333333
